<?xml version="1.0" encoding="UTF-8"?>
<services xmlns="http://www.demandware.com/xml/impex/services/2014-09-26">

    <service-credential service-credential-id="int_fitgenius.score.credentials">
        <url>https://fitgeniuswebpluginapi.aetrextechnology.com/shoeid_em_fgscores</url>
        <user-id/>
        <password masked="true">********</password>
        <custom-attributes>
            <custom-attribute attribute-id="PP_API_IsProduction">false</custom-attribute>
            <custom-attribute attribute-id="PP_API_UseCertificate">false</custom-attribute>
        </custom-attributes>
    </service-credential>

    <service-profile service-profile-id="int_fitgenius.score.profile">
        <timeout-millis>5000</timeout-millis>
        <rate-limit-enabled>false</rate-limit-enabled>
        <rate-limit-calls>0</rate-limit-calls>
        <rate-limit-millis>0</rate-limit-millis>
        <cb-enabled>true</cb-enabled>
        <cb-calls>0</cb-calls>
        <cb-millis>0</cb-millis>
    </service-profile>

    <service service-id="int_fitgenius.score.http.rest">
        <service-type>HTTP</service-type>
        <enabled>true</enabled>
        <log-prefix/>
        <comm-log-enabled>false</comm-log-enabled>
        <force-prd-enabled>true</force-prd-enabled>
        <mock-mode-enabled>false</mock-mode-enabled>
        <profile-id>int_fitgenius.score.profile</profile-id>
        <credential-id>int_fitgenius.score.credentials</credential-id>
    </service>
</services>
